,City Name,Package,Variety,Origin,Item Size,Color,year,month,test_y,test_y_predict,delta,City Name_original,Package_original,Variety_original,Origin_original,Item Size_original,Date_original
1125,7.0,14.0,0.0,1.0,2.0,0.0,2016,10,250.0,181.85867751213553,-68.14132248786447,LOS ANGELES,each,BIG MACK TYPE,CALIFORNIA,lge,10/22/16
1030,4.0,2.0,7.0,18.0,5.0,2.0,2016,10,18.0,21.12864375754181,3.128643757541809,COLUMBIA,1/2 bushel cartons,MINIATURE,PENNSYLVANIA,sml,10/15/16
1449,11.0,5.0,4.0,1.0,2.0,0.0,2016,11,120.0,148.98030623624024,28.98030623624024,SAN FRANCISCO,24 inch bins,HOWDEN TYPE,CALIFORNIA,lge,11/12/16
1493,11.0,6.0,9.0,1.0,5.0,0.0,2016,11,24.0,35.80113805380186,11.801138053801857,SAN FRANCISCO,35 lb cartons,PIE TYPE,CALIFORNIA,,11/12/16
344,2.0,5.0,2.0,9.0,6.0,0.0,2016,10,272.5,279.5839070398797,7.083907039879705,BOSTON,24 inch bins,CINDERELLA,MASSACHUSETTS,xlge,10/1/16
1022,4.0,2.0,7.0,11.0,5.0,0.0,2016,10,18.0,19.494657024587276,1.4946570245872763,COLUMBIA,1/2 bushel cartons,MINIATURE,MICHIGAN,sml,10/1/16
1681,12.0,7.0,4.0,11.0,3.0,0.0,2016,9,125.0,128.97541900708453,3.9754190070845254,ST. LOUIS,36 inch bins,HOWDEN TYPE,MICHIGAN,med,9/28/16
322,2.0,7.0,4.0,18.0,6.0,0.0,2016,10,150.0,142.03864703281397,-7.961352967186031,BOSTON,36 inch bins,HOWDEN TYPE,PENNSYLVANIA,xlge,10/29/16
1404,5.0,7.0,9.0,20.0,3.0,0.0,2016,10,300.0,268.2251084250363,-31.774891574963704,DALLAS,36 inch bins,PIE TYPE,TEXAS,med,10/22/16
339,2.0,7.0,4.0,11.0,1.0,0.0,2017,9,212.5,193.63449742691287,-18.865502573087127,BOSTON,36 inch bins,HOWDEN TYPE,MICHIGAN,jbo,9/30/17
70,1.0,0.0,9.0,4.0,3.0,0.0,2016,9,15.0,14.58081468296044,-0.41918531703955964,BALTIMORE,1 1/9 bushel cartons,PIE TYPE,DELAWARE,med,9/24/16
237,2.0,7.0,4.0,2.0,5.0,0.0,2016,10,150.0,154.7272631436479,4.727263143647889,BOSTON,36 inch bins,HOWDEN TYPE,CANADA,sml,10/1/16
382,2.0,1.0,9.0,9.0,5.0,0.0,2016,10,15.5,14.798748403517495,-0.7012515964825052,BOSTON,1 1/9 bushel crates,PIE TYPE,MASSACHUSETTS,sml,10/29/16
135,1.0,2.0,7.0,22.0,5.0,2.0,2016,10,17.0,19.625695251745,2.6256952517450003,BALTIMORE,1/2 bushel cartons,MINIATURE,VIRGINIA,sml,10/15/16
964,4.0,5.0,9.0,18.0,2.0,0.0,2017,9,200.0,200.58782532243737,0.587825322437368,COLUMBIA,24 inch bins,PIE TYPE,PENNSYLVANIA,lge,9/2/17
660,3.0,7.0,3.0,10.0,2.0,0.0,2017,8,255.0,246.3678357550863,-8.632164244913696,CHICAGO,36 inch bins,FAIRYTALE,MEXICO,lge,8/26/17
429,2.0,7.0,9.0,18.0,4.0,0.0,2016,9,202.5,220.33556886524846,17.83556886524846,BOSTON,36 inch bins,PIE TYPE,PENNSYLVANIA,med-lge,9/24/16
973,4.0,7.0,9.0,18.0,3.0,0.0,2016,10,200.0,219.69526124041488,19.69526124041488,COLUMBIA,36 inch bins,PIE TYPE,PENNSYLVANIA,med,10/8/16
1310,5.0,5.0,4.0,20.0,3.0,0.0,2016,10,110.0,127.29860218582934,17.29860218582934,DALLAS,24 inch bins,HOWDEN TYPE,TEXAS,med,10/29/16
1138,9.0,7.0,4.0,13.0,2.0,0.0,2016,9,140.0,144.86394187750605,4.863941877506051,NEW YORK,36 inch bins,HOWDEN TYPE,NEW JERSEY,lge,9/24/16
111,1.0,5.0,0.0,8.0,3.0,2.0,2016,10,50.0,47.74704805197894,-2.2529519480210567,BALTIMORE,24 inch bins,BIG MACK TYPE,MARYLAND,med,10/15/16
486,2.0,7.0,9.0,9.0,4.0,0.0,2017,9,285.0,261.836785093062,-23.16321490693798,BOSTON,36 inch bins,PIE TYPE,MASSACHUSETTS,med-lge,9/30/17
1562,11.0,8.0,7.0,1.0,5.0,2.0,2016,10,32.5,29.78503476689272,-2.7149652331072787,SAN FRANCISCO,40 lb cartons,MINIATURE,CALIFORNIA,,10/15/16
678,3.0,0.0,9.0,17.0,3.0,0.0,2016,10,17.5,19.746077103900816,2.2460771039008165,CHICAGO,1 1/9 bushel cartons,PIE TYPE,OHIO,med,10/15/16
453,2.0,7.0,9.0,11.0,4.0,0.0,2016,10,265.0,259.81224774896293,-5.187752251037068,BOSTON,36 inch bins,PIE TYPE,MICHIGAN,med-lge,10/22/16
916,4.0,5.0,2.0,16.0,3.0,0.0,2016,10,170.0,172.13483809923585,2.13483809923585,COLUMBIA,24 inch bins,CINDERELLA,NORTH CAROLINA,med,10/22/16
522,2.0,7.0,0.0,9.0,2.0,0.0,2017,9,187.5,200.46661757124426,12.966617571244257,BOSTON,36 inch bins,BIG MACK TYPE,MASSACHUSETTS,lge,9/23/17
1421,5.0,14.0,0.0,20.0,0.0,0.0,2017,9,60.0,88.03731920794888,28.037319207948883,DALLAS,each,BIG MACK TYPE,TEXAS,exjbo,9/30/17
832,4.0,7.0,4.0,22.0,2.0,0.0,2016,10,140.0,141.43218561844466,1.432185618444663,COLUMBIA,36 inch bins,HOWDEN TYPE,VIRGINIA,lge,10/1/16
188,0.0,0.0,9.0,11.0,5.0,0.0,2016,11,14.75,17.39986512842565,2.649865128425649,ATLANTA,1 1/9 bushel cartons,PIE TYPE,MICHIGAN,sml,11/5/16
1475,11.0,5.0,9.0,23.0,5.0,0.0,2016,10,480.0,273.627810392757,-206.372189607243,SAN FRANCISCO,24 inch bins,PIE TYPE,WASHINGTON,,10/15/16
787,3.0,2.0,7.0,11.0,5.0,0.0,2016,10,17.0,17.031961563088814,0.031961563088813705,CHICAGO,1/2 bushel cartons,MINIATURE,MICHIGAN,sml,10/22/16
1744,12.0,4.0,7.0,6.0,5.0,0.0,2016,9,16.75,10.594237868399604,-6.155762131600396,ST. LOUIS,22 lb cartons,MINIATURE,ILLINOIS,,9/26/16
1173,9.0,7.0,4.0,18.0,2.0,0.0,2017,9,160.0,145.29755518175983,-14.702444818240167,NEW YORK,36 inch bins,HOWDEN TYPE,PENNSYLVANIA,lge,9/30/17
554,2.0,2.0,7.0,9.0,5.0,0.0,2016,10,16.5,16.64640650167689,0.14640650167688918,BOSTON,1/2 bushel cartons,MINIATURE,MASSACHUSETTS,sml,10/15/16
997,4.0,5.0,6.0,16.0,3.0,0.0,2016,10,170.0,165.43048764169006,-4.569512358309936,COLUMBIA,24 inch bins,KNUCKLE HEAD,NORTH CAROLINA,med,10/1/16
29,1.0,5.0,2.0,18.0,6.0,0.0,2017,6,380.0,286.70715312990995,-93.29284687009005,BALTIMORE,24 inch bins,CINDERELLA,,xlge,6/3/17
115,1.0,5.0,0.0,22.0,1.0,2.0,2016,10,55.0,53.4715272816091,-1.5284727183909013,BALTIMORE,24 inch bins,BIG MACK TYPE,VIRGINIA,jbo,10/22/16
1587,11.0,6.0,7.0,1.0,5.0,0.0,2017,9,26.5,16.968754526844016,-9.531245473155984,SAN FRANCISCO,35 lb cartons,MINIATURE,CALIFORNIA,,9/16/17
303,2.0,7.0,4.0,18.0,6.0,0.0,2016,10,150.0,142.03864703281397,-7.961352967186031,BOSTON,36 inch bins,HOWDEN TYPE,PENNSYLVANIA,xlge,10/22/16
1193,9.0,5.0,9.0,13.0,5.0,0.0,2017,9,137.5,181.50429613827922,44.004296138279216,NEW YORK,24 inch bins,PIE TYPE,NEW JERSEY,,9/16/17
65,1.0,5.0,3.0,22.0,6.0,0.0,2016,11,215.0,222.5184336767192,7.518433676719212,BALTIMORE,24 inch bins,FAIRYTALE,VIRGINIA,xlge,11/5/16
212,2.0,7.0,4.0,2.0,6.0,0.0,2016,9,180.0,180.671500693712,0.6715006937120052,BOSTON,36 inch bins,HOWDEN TYPE,CANADA,xlge,9/24/16
1271,6.0,5.0,9.0,11.0,2.0,0.0,2016,10,107.5,124.15733914859007,16.65733914859007,DETROIT,24 inch bins,PIE TYPE,MICHIGAN,lge,10/15/16
984,4.0,13.0,9.0,11.0,3.0,0.0,2017,9,20.0,30.041168151012737,10.041168151012737,COLUMBIA,bushel cartons,PIE TYPE,MICHIGAN,med,9/23/17
1190,9.0,5.0,9.0,13.0,4.0,0.0,2016,10,125.0,130.17266523372584,5.172665233725837,NEW YORK,24 inch bins,PIE TYPE,NEW JERSEY,med-lge,10/29/16
1348,5.0,7.0,5.0,20.0,1.0,2.0,2016,10,165.0,153.52742600514938,-11.47257399485062,DALLAS,36 inch bins,HOWDEN WHITE TYPE,TEXAS,jbo,10/1/16
1101,7.0,5.0,2.0,1.0,4.0,0.0,2017,9,0.3,-5.680031920733587,-5.980031920733587,LOS ANGELES,24 inch bins,CINDERELLA,CALIFORNIA,med-lge,9/2/17
1345,5.0,5.0,5.0,20.0,1.0,2.0,2016,10,120.0,148.74181550821092,28.74181550821092,DALLAS,24 inch bins,HOWDEN WHITE TYPE,TEXAS,jbo,10/29/16
196,0.0,5.0,9.0,16.0,5.0,0.0,2016,10,135.0,138.62003722304814,3.6200372230481435,ATLANTA,24 inch bins,PIE TYPE,NORTH CAROLINA,sml,10/22/16
722,3.0,5.0,9.0,6.0,3.0,0.0,2016,10,200.0,198.85853159468837,-1.1414684053116275,CHICAGO,24 inch bins,PIE TYPE,ILLINOIS,med,10/8/16
1375,5.0,5.0,3.0,20.0,1.0,0.0,2016,10,250.0,193.99099466881452,-56.00900533118548,DALLAS,24 inch bins,FAIRYTALE,TEXAS,jbo,10/22/16
942,4.0,5.0,9.0,18.0,5.0,0.0,2016,10,250.0,221.45241433889396,-28.54758566110604,COLUMBIA,24 inch bins,PIE TYPE,PENNSYLVANIA,sml,10/1/16
1596,11.0,8.0,7.0,1.0,5.0,0.0,2016,11,30.0,26.56858863043957,-3.431411369560429,SAN FRANCISCO,40 lb cartons,MINIATURE,CALIFORNIA,,11/5/16
1749,12.0,4.0,7.0,6.0,5.0,0.0,2016,9,10.75,10.594237868399604,-0.15576213160039565,ST. LOUIS,22 lb cartons,MINIATURE,ILLINOIS,,9/29/16
438,2.0,7.0,9.0,9.0,4.0,0.0,2016,10,275.0,248.43419125100564,-26.565808748994357,BOSTON,36 inch bins,PIE TYPE,MASSACHUSETTS,med-lge,10/8/16
1483,11.0,6.0,9.0,1.0,5.0,0.0,2016,10,31.5,34.05440832090546,2.554408320905459,SAN FRANCISCO,35 lb cartons,PIE TYPE,CALIFORNIA,,10/8/16
1208,9.0,7.0,9.0,15.0,3.0,0.0,2016,10,260.0,261.0307836612323,1.0307836612323058,NEW YORK,36 inch bins,PIE TYPE,NEW YORK,med,10/22/16
1366,5.0,7.0,2.0,20.0,1.0,0.0,2016,10,140.0,147.19798124839133,7.197981248391329,DALLAS,36 inch bins,CINDERELLA,TEXAS,jbo,10/29/16
482,2.0,7.0,9.0,18.0,4.0,0.0,2017,9,285.0,248.05956960965474,-36.940430390345256,BOSTON,36 inch bins,PIE TYPE,PENNSYLVANIA,med-lge,9/16/17
23,1.0,7.0,4.0,8.0,4.0,0.0,2017,9,160.0,160.4631133397128,0.4631133397128053,BALTIMORE,36 inch bins,HOWDEN TYPE,MARYLAND,med-lge,9/16/17
210,2.0,7.0,4.0,2.0,0.0,0.0,2016,9,180.0,185.0025473477139,5.002547347713886,BOSTON,36 inch bins,HOWDEN TYPE,CANADA,exjbo,9/24/16
588,3.0,7.0,4.0,17.0,6.0,0.0,2016,11,60.0,87.48672138245352,27.486721382453524,CHICAGO,36 inch bins,HOWDEN TYPE,OHIO,xlge,11/12/16
479,2.0,7.0,9.0,18.0,5.0,0.0,2017,9,200.0,273.5400401195623,73.54004011956232,BOSTON,36 inch bins,PIE TYPE,PENNSYLVANIA,,9/9/17
1221,9.0,2.0,7.0,17.0,5.0,2.0,2016,9,20.0,18.785362317800125,-1.214637682199875,NEW YORK,1/2 bushel cartons,MINIATURE,OHIO,sml,9/24/16
247,2.0,7.0,4.0,18.0,2.0,0.0,2016,10,150.0,159.37096709536002,9.370967095360015,BOSTON,36 inch bins,HOWDEN TYPE,PENNSYLVANIA,lge,10/1/16
838,4.0,7.0,4.0,18.0,0.0,0.0,2016,10,200.0,178.56871362777753,-21.431286372222473,COLUMBIA,36 inch bins,HOWDEN TYPE,PENNSYLVANIA,exjbo,10/8/16
1262,6.0,0.0,9.0,17.0,5.0,0.0,2017,9,22.0,20.114324349550028,-1.885675650449972,DETROIT,1 1/9 bushel cartons,PIE TYPE,OHIO,sml,9/16/17
1676,12.0,7.0,4.0,6.0,6.0,0.0,2016,9,130.0,128.2931153768518,-1.7068846231481984,ST. LOUIS,36 inch bins,HOWDEN TYPE,ILLINOIS,xlge,9/28/16
705,3.0,0.0,9.0,6.0,3.0,0.0,2017,9,19.0,19.28767887954005,0.28767887954004934,CHICAGO,1 1/9 bushel cartons,PIE TYPE,ILLINOIS,med,9/16/17
620,3.0,7.0,3.0,6.0,3.0,0.0,2016,11,192.5,189.8292676132913,-2.6707323867086927,CHICAGO,36 inch bins,FAIRYTALE,ILLINOIS,med,11/12/16
289,2.0,7.0,4.0,2.0,6.0,0.0,2016,10,180.0,173.60062689632855,-6.399373103671451,BOSTON,36 inch bins,HOWDEN TYPE,CANADA,xlge,10/22/16
1453,11.0,7.0,4.0,1.0,3.0,0.0,2016,10,142.5,136.79885424646454,-5.701145753535457,SAN FRANCISCO,36 inch bins,HOWDEN TYPE,CALIFORNIA,med,10/8/16
365,2.0,5.0,3.0,9.0,6.0,0.0,2016,10,272.5,280.2913103911232,7.791310391123204,BOSTON,24 inch bins,FAIRYTALE,MASSACHUSETTS,xlge,10/1/16
619,3.0,7.0,3.0,6.0,3.0,0.0,2016,11,200.0,189.8292676132913,-10.170732386708693,CHICAGO,36 inch bins,FAIRYTALE,ILLINOIS,med,11/5/16
109,1.0,5.0,0.0,8.0,1.0,2.0,2016,10,55.0,58.84079773753666,3.8407977375366613,BALTIMORE,24 inch bins,BIG MACK TYPE,MARYLAND,jbo,10/15/16
1053,4.0,5.0,7.0,18.0,5.0,2.0,2017,9,400.0,277.5107300069726,-122.48926999302739,COLUMBIA,24 inch bins,MINIATURE,PENNSYLVANIA,,9/16/17
903,4.0,5.0,5.0,18.0,5.0,2.0,2017,9,200.0,219.51265420478828,19.512654204788277,COLUMBIA,24 inch bins,HOWDEN WHITE TYPE,PENNSYLVANIA,sml,9/16/17
1698,12.0,5.0,5.0,6.0,6.0,2.0,2016,9,150.0,139.63864355481545,-10.361356445184555,ST. LOUIS,24 inch bins,HOWDEN WHITE TYPE,ILLINOIS,xlge,9/30/16
754,3.0,7.0,8.0,6.0,2.0,0.0,2016,10,175.0,189.99542712468784,14.995427124687836,CHICAGO,36 inch bins,MIXED HEIRLOOM VARIETIES,ILLINOIS,lge,10/15/16
1533,11.0,2.0,7.0,1.0,5.0,0.0,2016,9,23.0,19.25813986384925,-3.7418601361507484,SAN FRANCISCO,1/2 bushel cartons,MINIATURE,CALIFORNIA,,9/24/16
1455,11.0,7.0,4.0,1.0,1.0,0.0,2016,10,142.5,143.24980861220993,0.7498086122099323,SAN FRANCISCO,36 inch bins,HOWDEN TYPE,CALIFORNIA,jbo,10/15/16
694,3.0,0.0,9.0,6.0,3.0,0.0,2016,11,17.0,19.34325148305883,2.343251483058829,CHICAGO,1 1/9 bushel cartons,PIE TYPE,ILLINOIS,med,11/26/16
527,2.0,7.0,0.0,9.0,1.0,0.0,2017,9,212.5,208.96209445884546,-3.5379055411545437,BOSTON,36 inch bins,BIG MACK TYPE,MASSACHUSETTS,jbo,9/30/17
1535,11.0,2.0,7.0,1.0,5.0,2.0,2016,10,20.0,18.42496559483845,-1.5750344051615492,SAN FRANCISCO,1/2 bushel cartons,MINIATURE,CALIFORNIA,,10/1/16
1632,10.0,5.0,9.0,18.0,3.0,0.0,2016,10,140.0,152.5898007787309,12.589800778730904,PHILADELPHIA,24 inch bins,PIE TYPE,PENNSYLVANIA,med,10/15/16
534,2.0,2.0,7.0,9.0,5.0,2.0,2016,9,16.5,15.767063030545785,-0.7329369694542152,BOSTON,1/2 bushel cartons,MINIATURE,MASSACHUSETTS,sml,9/24/16
914,4.0,5.0,2.0,16.0,3.0,0.0,2016,10,170.0,172.13483809923585,2.13483809923585,COLUMBIA,24 inch bins,CINDERELLA,NORTH CAROLINA,med,10/15/16
1376,5.0,5.0,3.0,20.0,5.0,0.0,2016,10,150.0,156.84203321137912,6.842033211379118,DALLAS,24 inch bins,FAIRYTALE,TEXAS,sml,10/22/16
994,4.0,5.0,1.0,16.0,3.0,0.0,2016,10,200.0,192.83978421991853,-7.160215780081472,COLUMBIA,24 inch bins,BLUE TYPE,NORTH CAROLINA,med,10/29/16
1298,5.0,5.0,4.0,20.0,3.0,0.0,2016,10,137.5,127.29860218582934,-10.201397814170662,DALLAS,24 inch bins,HOWDEN TYPE,TEXAS,med,10/1/16
433,2.0,7.0,9.0,9.0,5.0,0.0,2016,10,210.0,235.29967078461607,25.29967078461607,BOSTON,36 inch bins,PIE TYPE,MASSACHUSETTS,sml,10/1/16
1745,12.0,4.0,7.0,6.0,5.0,2.0,2016,9,16.75,15.27982679660801,-1.4701732033919903,ST. LOUIS,22 lb cartons,MINIATURE,ILLINOIS,,9/27/16
1660,12.0,5.0,4.0,6.0,6.0,0.0,2016,9,105.0,102.20709871848055,-2.7929012815194483,ST. LOUIS,24 inch bins,HOWDEN TYPE,ILLINOIS,xlge,9/29/16
1326,5.0,7.0,4.0,20.0,1.0,0.0,2016,10,165.0,161.44268786582847,-3.557312134171525,DALLAS,36 inch bins,HOWDEN TYPE,TEXAS,jbo,10/1/16
1251,6.0,11.0,4.0,11.0,6.0,0.0,2017,9,175.0,165.134316748948,-9.86568325105199,DETROIT,bins,HOWDEN TYPE,MICHIGAN,xlge,9/23/17
932,4.0,5.0,3.0,16.0,3.0,0.0,2016,10,170.0,176.68462476090178,6.684624760901784,COLUMBIA,24 inch bins,FAIRYTALE,NORTH CAROLINA,med,10/22/16
938,4.0,5.0,9.0,22.0,3.0,0.0,2016,9,200.0,208.38170829611238,8.381708296112379,COLUMBIA,24 inch bins,PIE TYPE,VIRGINIA,med,9/24/16
599,3.0,7.0,4.0,11.0,6.0,0.0,2017,9,170.0,160.37545645761244,-9.624543542387556,CHICAGO,36 inch bins,HOWDEN TYPE,MICHIGAN,xlge,9/30/17
374,2.0,5.0,3.0,9.0,6.0,0.0,2016,10,272.5,280.2913103911232,7.791310391123204,BOSTON,24 inch bins,FAIRYTALE,MASSACHUSETTS,xlge,10/29/16
1278,6.0,5.0,9.0,11.0,5.0,0.0,2016,11,150.0,149.44882526719894,-0.5511747328010586,DETROIT,24 inch bins,PIE TYPE,MICHIGAN,sml,11/5/16
1335,5.0,7.0,4.0,10.0,4.0,0.0,2017,9,150.0,151.90501311049917,1.9050131104991692,DALLAS,36 inch bins,HOWDEN TYPE,MEXICO,med-lge,9/23/17
607,3.0,7.0,5.0,6.0,2.0,2.0,2016,10,150.0,148.19466816608272,-1.805331833917279,CHICAGO,36 inch bins,HOWDEN WHITE TYPE,ILLINOIS,lge,10/8/16
530,2.0,7.0,0.0,9.0,3.0,0.0,2017,9,187.5,191.37500400207,3.87500400207,BOSTON,36 inch bins,BIG MACK TYPE,MASSACHUSETTS,med,9/30/17
576,3.0,7.0,4.0,17.0,6.0,0.0,2016,10,60.0,102.07538934215519,42.07538934215519,CHICAGO,36 inch bins,HOWDEN TYPE,OHIO,xlge,10/15/16
1746,12.0,4.0,7.0,6.0,5.0,0.0,2016,9,16.75,10.594237868399604,-6.155762131600396,ST. LOUIS,22 lb cartons,MINIATURE,ILLINOIS,,9/27/16
1090,7.0,7.0,4.0,1.0,4.0,0.0,2017,9,170.0,69.79065762927152,-100.20934237072848,LOS ANGELES,36 inch bins,HOWDEN TYPE,CALIFORNIA,med-lge,9/30/17
610,3.0,7.0,5.0,6.0,2.0,2.0,2016,10,150.0,148.19466816608272,-1.805331833917279,CHICAGO,36 inch bins,HOWDEN WHITE TYPE,ILLINOIS,lge,10/29/16
1318,5.0,5.0,4.0,20.0,2.0,0.0,2017,9,160.0,171.64796826959451,11.647968269594514,DALLAS,24 inch bins,HOWDEN TYPE,TEXAS,lge,9/23/17
596,3.0,7.0,4.0,6.0,2.0,0.0,2016,12,125.0,116.80346188382286,-8.196538116177138,CHICAGO,36 inch bins,HOWDEN TYPE,ILLINOIS,lge,12/10/16
834,4.0,7.0,4.0,11.0,2.0,0.0,2016,10,150.0,145.1996343898033,-4.800365610196707,COLUMBIA,36 inch bins,HOWDEN TYPE,MICHIGAN,lge,10/8/16
261,2.0,7.0,4.0,9.0,3.0,0.0,2016,10,202.5,200.33042940102285,-2.1695705989771454,BOSTON,36 inch bins,HOWDEN TYPE,MASSACHUSETTS,med,10/8/16
712,3.0,0.0,9.0,17.0,3.0,0.0,2016,10,22.5,19.746077103900816,-2.7539228960991835,CHICAGO,1 1/9 bushel cartons,PIE TYPE,OHIO,med,10/15/16
415,2.0,5.0,9.0,18.0,5.0,0.0,2016,10,175.0,165.88441156295946,-9.115588437040543,BOSTON,24 inch bins,PIE TYPE,PENNSYLVANIA,sml,10/22/16
514,2.0,7.0,0.0,9.0,6.0,0.0,2017,9,187.5,206.72750380628116,19.227503806281163,BOSTON,36 inch bins,BIG MACK TYPE,MASSACHUSETTS,xlge,9/16/17
1436,11.0,5.0,4.0,1.0,5.0,0.0,2016,10,135.0,160.9579287203928,25.9579287203928,SAN FRANCISCO,24 inch bins,HOWDEN TYPE,CALIFORNIA,sml,10/8/16
251,2.0,7.0,4.0,2.0,6.0,0.0,2016,10,180.0,173.60062689632855,-6.399373103671451,BOSTON,36 inch bins,HOWDEN TYPE,CANADA,xlge,10/8/16
1339,5.0,7.0,4.0,20.0,4.0,0.0,2017,9,150.0,144.96281814146812,-5.037181858531881,DALLAS,36 inch bins,HOWDEN TYPE,TEXAS,med-lge,9/30/17
239,2.0,7.0,4.0,9.0,6.0,0.0,2016,10,202.5,200.26697801966552,-2.2330219803344846,BOSTON,36 inch bins,HOWDEN TYPE,MASSACHUSETTS,xlge,10/1/16
220,2.0,7.0,4.0,9.0,6.0,0.0,2016,9,202.5,198.35937193114404,-4.1406280688559605,BOSTON,36 inch bins,HOWDEN TYPE,MASSACHUSETTS,xlge,9/24/16
1441,11.0,5.0,4.0,1.0,3.0,0.0,2016,10,135.0,151.7806663986861,16.780666398686094,SAN FRANCISCO,24 inch bins,HOWDEN TYPE,CALIFORNIA,med,10/22/16
617,3.0,7.0,3.0,6.0,3.0,0.0,2016,10,200.0,201.00894289643324,1.0089428964332399,CHICAGO,36 inch bins,FAIRYTALE,ILLINOIS,med,10/22/16
324,2.0,7.0,4.0,9.0,1.0,0.0,2016,11,202.5,181.5669166927362,-20.933083307263786,BOSTON,36 inch bins,HOWDEN TYPE,MASSACHUSETTS,jbo,11/5/16
49,1.0,10.0,2.0,5.0,3.0,0.0,2017,8,29.0,39.69759848540695,10.69759848540695,BALTIMORE,50 lb sacks,CINDERELLA,FLORIDA,med,8/26/17
1355,5.0,5.0,2.0,20.0,1.0,0.0,2016,10,155.0,157.99947915952706,2.9994791595270556,DALLAS,24 inch bins,CINDERELLA,TEXAS,jbo,10/1/16
1679,12.0,7.0,4.0,11.0,6.0,0.0,2016,9,125.0,131.88040411014586,6.880404110145861,ST. LOUIS,36 inch bins,HOWDEN TYPE,MICHIGAN,xlge,9/28/16
1362,5.0,7.0,2.0,20.0,1.0,0.0,2016,10,165.0,147.19798124839133,-17.80201875160867,DALLAS,36 inch bins,CINDERELLA,TEXAS,jbo,10/1/16
497,2.0,5.0,1.0,9.0,6.0,0.0,2016,11,272.5,275.6974837696912,3.197483769691189,BOSTON,24 inch bins,BLUE TYPE,MASSACHUSETTS,xlge,11/5/16
1619,10.0,7.0,4.0,4.0,3.0,0.0,2017,9,150.0,145.64156645421753,-4.358433545782475,PHILADELPHIA,36 inch bins,HOWDEN TYPE,DELAWARE,med,9/23/17
1094,7.0,7.0,5.0,1.0,3.0,2.0,2017,9,0.5,95.6146276737448,95.1146276737448,LOS ANGELES,36 inch bins,HOWDEN WHITE TYPE,CALIFORNIA,med,9/9/17
925,4.0,5.0,3.0,16.0,3.0,0.0,2016,9,170.0,177.6247134463569,7.624713446356907,COLUMBIA,24 inch bins,FAIRYTALE,NORTH CAROLINA,med,9/24/16
1320,5.0,5.0,4.0,20.0,1.0,0.0,2017,9,170.0,172.05540894870018,2.055408948700176,DALLAS,24 inch bins,HOWDEN TYPE,TEXAS,jbo,9/30/17
949,4.0,5.0,9.0,16.0,3.0,0.0,2016,10,250.0,221.9194456946289,-28.080554305371095,COLUMBIA,24 inch bins,PIE TYPE,NORTH CAROLINA,med,10/15/16
298,2.0,7.0,4.0,9.0,4.0,0.0,2016,10,202.5,203.19627116605668,0.6962711660566754,BOSTON,36 inch bins,HOWDEN TYPE,MASSACHUSETTS,med-lge,10/22/16
1722,12.0,2.0,7.0,6.0,5.0,0.0,2016,9,12.5,11.456792642177868,-1.0432073578221317,ST. LOUIS,1/2 bushel cartons,MINIATURE,ILLINOIS,,9/26/16
270,2.0,7.0,4.0,2.0,6.0,0.0,2016,10,180.0,173.60062689632855,-6.399373103671451,BOSTON,36 inch bins,HOWDEN TYPE,CANADA,xlge,10/15/16
78,1.0,0.0,9.0,4.0,5.0,0.0,2016,10,15.0,15.09294615512175,0.09294615512174964,BALTIMORE,1 1/9 bushel cartons,PIE TYPE,DELAWARE,,10/15/16
352,2.0,5.0,2.0,9.0,6.0,0.0,2016,10,272.5,279.5839070398797,7.083907039879705,BOSTON,24 inch bins,CINDERELLA,MASSACHUSETTS,xlge,10/29/16
1179,9.0,0.0,9.0,17.0,3.0,0.0,2016,10,17.0,21.564482159562818,4.564482159562818,NEW YORK,1 1/9 bushel cartons,PIE TYPE,OHIO,med,10/29/16
73,1.0,0.0,9.0,17.0,3.0,0.0,2016,10,17.0,16.01661564763215,-0.9833843523678496,BALTIMORE,1 1/9 bushel cartons,PIE TYPE,OHIO,med,10/1/16
69,1.0,5.0,3.0,22.0,6.0,0.0,2016,11,210.0,222.5184336767192,12.518433676719212,BALTIMORE,24 inch bins,FAIRYTALE,VIRGINIA,xlge,11/26/16
1399,5.0,5.0,9.0,20.0,5.0,0.0,2017,9,225.0,229.1595739287989,4.159573928798892,DALLAS,24 inch bins,PIE TYPE,TEXAS,,9/30/17
535,2.0,2.0,7.0,9.0,5.0,0.0,2016,9,16.5,16.59813948102366,0.09813948102366155,BOSTON,1/2 bushel cartons,MINIATURE,MASSACHUSETTS,sml,9/24/16
1689,12.0,7.0,4.0,6.0,2.0,0.0,2016,9,115.0,124.94561476406139,9.94561476406139,ST. LOUIS,36 inch bins,HOWDEN TYPE,ILLINOIS,lge,9/30/16
383,2.0,1.0,9.0,9.0,5.0,0.0,2016,11,15.5,14.95442521084704,-0.5455747891529601,BOSTON,1 1/9 bushel crates,PIE TYPE,MASSACHUSETTS,sml,11/5/16
367,2.0,5.0,3.0,9.0,6.0,2.0,2016,10,272.5,273.3880066166629,0.8880066166628922,BOSTON,24 inch bins,FAIRYTALE,MASSACHUSETTS,xlge,10/8/16
414,2.0,5.0,9.0,11.0,5.0,0.0,2016,10,187.5,203.08273511226878,15.582735112268779,BOSTON,24 inch bins,PIE TYPE,MICHIGAN,sml,10/22/16
1559,11.0,8.0,7.0,1.0,5.0,2.0,2016,10,32.5,29.78503476689272,-2.7149652331072787,SAN FRANCISCO,40 lb cartons,MINIATURE,CALIFORNIA,,10/8/16
254,2.0,7.0,4.0,2.0,4.0,0.0,2016,10,150.0,150.67975346036206,0.6797534603620647,BOSTON,36 inch bins,HOWDEN TYPE,CANADA,med-lge,10/8/16
590,3.0,7.0,4.0,11.0,2.0,0.0,2016,11,115.0,117.91469331834104,2.914693318341037,CHICAGO,36 inch bins,HOWDEN TYPE,MICHIGAN,lge,11/19/16
1120,7.0,14.0,0.0,1.0,5.0,0.0,2016,10,0.55,50.22626809241452,49.676268092414524,LOS ANGELES,each,BIG MACK TYPE,CALIFORNIA,sml,10/1/16
76,1.0,0.0,9.0,17.0,3.0,0.0,2016,10,17.0,16.01661564763215,-0.9833843523678496,BALTIMORE,1 1/9 bushel cartons,PIE TYPE,OHIO,med,10/8/16
1467,11.0,7.0,4.0,1.0,5.0,0.0,2017,9,120.0,169.5163611677602,49.51636116776021,SAN FRANCISCO,36 inch bins,HOWDEN TYPE,CALIFORNIA,sml,9/30/17
1307,5.0,5.0,4.0,20.0,3.0,0.0,2016,10,137.5,127.29860218582934,-10.201397814170662,DALLAS,24 inch bins,HOWDEN TYPE,TEXAS,med,10/22/16
1209,9.0,7.0,9.0,18.0,2.0,0.0,2017,9,200.0,237.58661091397772,37.58661091397772,NEW YORK,36 inch bins,PIE TYPE,PENNSYLVANIA,lge,9/16/17
628,3.0,7.0,3.0,10.0,2.0,0.0,2017,1,185.0,215.81534363663056,30.81534363663056,CHICAGO,36 inch bins,FAIRYTALE,MEXICO,lge,1/21/17
1692,12.0,7.0,4.0,11.0,2.0,0.0,2016,9,115.0,128.09982980444067,13.099829804440674,ST. LOUIS,36 inch bins,HOWDEN TYPE,MICHIGAN,lge,9/30/16
979,4.0,13.0,9.0,11.0,4.0,0.0,2016,10,19.0,25.20394895721982,6.2039489572198185,COLUMBIA,bushel cartons,PIE TYPE,MICHIGAN,med-lge,10/8/16
651,3.0,7.0,3.0,10.0,2.0,0.0,2017,7,240.0,250.78224849604044,10.782248496040438,CHICAGO,36 inch bins,FAIRYTALE,MEXICO,lge,7/1/17
30,1.0,5.0,2.0,18.0,6.0,0.0,2017,6,380.0,286.70715312990995,-93.29284687009005,BALTIMORE,24 inch bins,CINDERELLA,,xlge,6/10/17
1334,5.0,7.0,4.0,10.0,2.0,0.0,2017,9,165.0,157.75749880837037,-7.2425011916296285,DALLAS,36 inch bins,HOWDEN TYPE,MEXICO,lge,9/23/17
654,3.0,7.0,3.0,10.0,2.0,0.0,2017,7,255.0,250.78224849604044,-4.217751503959562,CHICAGO,36 inch bins,FAIRYTALE,MEXICO,lge,7/22/17
203,0.0,7.0,9.0,11.0,5.0,0.0,2016,10,248.0,238.10354056212583,-9.89645943787417,ATLANTA,36 inch bins,PIE TYPE,MICHIGAN,sml,10/1/16
394,2.0,0.0,9.0,9.0,5.0,0.0,2016,11,15.5,14.95442521084704,-0.5455747891529601,BOSTON,1 1/9 bushel cartons,PIE TYPE,MASSACHUSETTS,sml,11/5/16
1358,5.0,5.0,2.0,20.0,1.0,0.0,2016,10,150.0,157.99947915952706,7.999479159527056,DALLAS,24 inch bins,CINDERELLA,TEXAS,jbo,10/22/16
99,1.0,5.0,0.0,8.0,5.0,2.0,2016,10,55.0,48.79743615004906,-6.202563849950941,BALTIMORE,24 inch bins,BIG MACK TYPE,MARYLAND,,10/1/16
411,2.0,5.0,9.0,21.0,5.0,0.0,2016,10,175.0,176.9138974294266,1.913897429426612,BOSTON,24 inch bins,PIE TYPE,VERMONT,sml,10/15/16
1088,7.0,7.0,4.0,1.0,2.0,0.0,2017,9,120.0,156.3974920585415,36.3974920585415,LOS ANGELES,36 inch bins,HOWDEN TYPE,CALIFORNIA,lge,9/23/17
1473,11.0,7.0,3.0,1.0,5.0,0.0,2017,9,192.5,214.54873601092177,22.048736010921772,SAN FRANCISCO,36 inch bins,FAIRYTALE,CALIFORNIA,,9/30/17
1252,6.0,11.0,4.0,11.0,2.0,0.0,2017,9,95.0,124.80799301065689,29.807993010656887,DETROIT,bins,HOWDEN TYPE,MICHIGAN,lge,9/23/17
168,0.0,5.0,4.0,11.0,4.0,0.0,2016,10,152.375,147.06226987448505,-5.312730125514946,ATLANTA,24 inch bins,HOWDEN TYPE,MICHIGAN,med-lge,10/15/16
907,4.0,5.0,5.0,18.0,5.0,2.0,2017,9,200.0,219.51265420478828,19.512654204788277,COLUMBIA,24 inch bins,HOWDEN WHITE TYPE,PENNSYLVANIA,sml,9/30/17
173,0.0,5.0,4.0,11.0,4.0,0.0,2016,10,152.375,147.06226987448505,-5.312730125514946,ATLANTA,24 inch bins,HOWDEN TYPE,MICHIGAN,med-lge,10/22/16
1202,9.0,7.0,9.0,11.0,2.0,0.0,2016,9,212.5,246.21495822071867,33.71495822071867,NEW YORK,36 inch bins,PIE TYPE,MICHIGAN,lge,9/24/16
682,3.0,0.0,9.0,6.0,3.0,0.0,2016,10,17.0,19.354941782380042,2.354941782380042,CHICAGO,1 1/9 bushel cartons,PIE TYPE,ILLINOIS,med,10/29/16
1684,12.0,7.0,4.0,6.0,3.0,0.0,2016,9,130.0,122.92199001306051,-7.078009986939492,ST. LOUIS,36 inch bins,HOWDEN TYPE,ILLINOIS,med,9/29/16
544,2.0,2.0,7.0,9.0,5.0,2.0,2016,10,16.5,16.070709670975294,-0.4292903290247061,BOSTON,1/2 bushel cartons,MINIATURE,MASSACHUSETTS,sml,10/29/16
1448,11.0,5.0,4.0,1.0,5.0,0.0,2016,11,110.0,150.10018948510637,40.10018948510637,SAN FRANCISCO,24 inch bins,HOWDEN TYPE,CALIFORNIA,sml,11/5/16
1169,9.0,7.0,4.0,18.0,2.0,0.0,2017,9,170.0,145.29755518175983,-24.702444818240167,NEW YORK,36 inch bins,HOWDEN TYPE,PENNSYLVANIA,lge,9/23/17
1247,6.0,5.0,4.0,11.0,2.0,0.0,2017,9,95.0,119.06747445111635,24.067474451116354,DETROIT,24 inch bins,HOWDEN TYPE,MICHIGAN,lge,9/16/17
32,1.0,5.0,2.0,10.0,6.0,0.0,2017,8,200.0,284.58879700831625,84.58879700831625,BALTIMORE,24 inch bins,CINDERELLA,MEXICO,xlge,8/19/17
1442,11.0,5.0,4.0,1.0,5.0,0.0,2016,10,132.5,160.9579287203928,28.4579287203928,SAN FRANCISCO,24 inch bins,HOWDEN TYPE,CALIFORNIA,sml,10/22/16
316,2.0,7.0,4.0,9.0,2.0,0.0,2016,10,197.5,201.12552496060604,3.625524960606043,BOSTON,36 inch bins,HOWDEN TYPE,MASSACHUSETTS,lge,10/29/16
439,2.0,7.0,9.0,9.0,5.0,0.0,2016,10,210.0,235.29967078461607,25.29967078461607,BOSTON,36 inch bins,PIE TYPE,MASSACHUSETTS,sml,10/8/16
990,4.0,5.0,1.0,16.0,3.0,0.0,2016,10,200.0,192.83978421991853,-7.160215780081472,COLUMBIA,24 inch bins,BLUE TYPE,NORTH CAROLINA,med,10/15/16
893,4.0,7.0,4.0,8.0,2.0,0.0,2017,9,150.0,159.60193193610442,9.601931936104421,COLUMBIA,36 inch bins,HOWDEN TYPE,MARYLAND,lge,9/30/17
331,2.0,7.0,4.0,9.0,6.0,0.0,2017,9,187.5,204.7335405395024,17.2335405395024,BOSTON,36 inch bins,HOWDEN TYPE,MASSACHUSETTS,xlge,9/23/17
185,0.0,7.0,4.0,2.0,3.0,0.0,2017,9,150.0,167.99069681715636,17.990696817156362,ATLANTA,36 inch bins,HOWDEN TYPE,CANADA,med,9/30/17
1036,4.0,2.0,7.0,18.0,5.0,2.0,2016,10,18.0,21.12864375754181,3.128643757541809,COLUMBIA,1/2 bushel cartons,MINIATURE,PENNSYLVANIA,sml,10/29/16
943,4.0,5.0,9.0,22.0,3.0,0.0,2016,10,200.0,205.471131982195,5.471131982195004,COLUMBIA,24 inch bins,PIE TYPE,VIRGINIA,med,10/1/16
1690,12.0,7.0,4.0,6.0,3.0,0.0,2016,9,120.0,122.92199001306051,2.9219900130605083,ST. LOUIS,36 inch bins,HOWDEN TYPE,ILLINOIS,med,9/30/16
44,1.0,5.0,2.0,22.0,6.0,0.0,2017,9,190.0,222.67624552570464,32.676245525704644,BALTIMORE,24 inch bins,CINDERELLA,VIRGINIA,xlge,9/30/17
1331,5.0,7.0,4.0,20.0,1.0,0.0,2016,11,120.0,139.11087029858322,19.110870298583222,DALLAS,36 inch bins,HOWDEN TYPE,TEXAS,jbo,11/5/16
1281,6.0,11.0,9.0,11.0,5.0,0.0,2017,9,175.0,107.84508417414337,-67.15491582585663,DETROIT,bins,PIE TYPE,MICHIGAN,sml,9/23/17
1716,12.0,5.0,8.0,12.0,5.0,0.0,2016,9,135.0,129.50742642696846,-5.492573573031535,ST. LOUIS,24 inch bins,MIXED HEIRLOOM VARIETIES,MISSOURI,,9/29/16
865,4.0,7.0,4.0,22.0,2.0,0.0,2016,10,140.0,141.43218561844466,1.432185618444663,COLUMBIA,36 inch bins,HOWDEN TYPE,VIRGINIA,lge,10/22/16
1108,7.0,5.0,3.0,1.0,5.0,0.0,2016,9,0.24,22.531345696912307,22.29134569691231,LOS ANGELES,24 inch bins,FAIRYTALE,CALIFORNIA,,9/24/16
59,1.0,5.0,3.0,22.0,6.0,0.0,2016,10,255.0,233.23910483847087,-21.760895161529135,BALTIMORE,24 inch bins,FAIRYTALE,VIRGINIA,xlge,10/8/16
1578,11.0,12.0,7.0,1.0,5.0,0.0,2017,9,50.5,55.4025165801056,4.902516580105598,SAN FRANCISCO,bushel baskets,MINIATURE,CALIFORNIA,,9/30/17
275,2.0,7.0,4.0,2.0,5.0,0.0,2016,10,150.0,154.7272631436479,4.727263143647889,BOSTON,36 inch bins,HOWDEN TYPE,CANADA,sml,10/15/16
1159,9.0,7.0,4.0,17.0,6.0,0.0,2016,10,130.0,131.98134151000048,1.981341510000476,NEW YORK,36 inch bins,HOWDEN TYPE,OHIO,xlge,10/29/16
771,3.0,2.0,7.0,11.0,5.0,2.0,2016,9,17.0,17.445013701618265,0.44501370161826515,CHICAGO,1/2 bushel cartons,MINIATURE,MICHIGAN,sml,9/24/16
332,2.0,7.0,4.0,9.0,2.0,0.0,2017,9,187.5,204.90251285352676,17.40251285352676,BOSTON,36 inch bins,HOWDEN TYPE,MASSACHUSETTS,lge,9/23/17
637,3.0,7.0,3.0,10.0,2.0,0.0,2017,3,210.0,215.81534363663056,5.815343636630558,CHICAGO,36 inch bins,FAIRYTALE,MEXICO,lge,3/25/17
1731,12.0,2.0,7.0,2.0,5.0,2.0,2016,9,15.0,15.277231215319716,0.2772312153197163,ST. LOUIS,1/2 bushel cartons,MINIATURE,CANADA,,9/29/16
1414,5.0,9.0,9.0,11.0,3.0,0.0,2016,10,30.5,23.468963334752594,-7.031036665247406,DALLAS,50 lb cartons,PIE TYPE,MICHIGAN,med,10/22/16
123,1.0,2.0,7.0,8.0,5.0,2.0,2016,9,18.0,15.900072932724397,-2.099927067275603,BALTIMORE,1/2 bushel cartons,MINIATURE,MARYLAND,sml,9/24/16
570,3.0,7.0,4.0,6.0,2.0,0.0,2016,10,132.5,142.38583273257763,9.885832732577626,CHICAGO,36 inch bins,HOWDEN TYPE,ILLINOIS,lge,10/1/16
767,3.0,2.0,7.0,7.0,5.0,0.0,2017,9,19.0,18.479163518569827,-0.5208364814301731,CHICAGO,1/2 bushel cartons,MINIATURE,INDIANA,sml,9/30/17
1237,9.0,2.0,7.0,17.0,5.0,0.0,2017,9,18.0,20.08896356456955,2.08896356456955,NEW YORK,1/2 bushel cartons,MINIATURE,OHIO,sml,9/9/17
351,2.0,5.0,2.0,9.0,6.0,0.0,2016,10,272.5,279.5839070398797,7.083907039879705,BOSTON,24 inch bins,CINDERELLA,MASSACHUSETTS,xlge,10/22/16
483,2.0,7.0,9.0,9.0,4.0,0.0,2017,9,285.0,261.836785093062,-23.16321490693798,BOSTON,36 inch bins,PIE TYPE,MASSACHUSETTS,med-lge,9/23/17
1067,4.0,13.0,7.0,18.0,2.0,0.0,2016,10,30.0,25.756052826898895,-4.243947173101105,COLUMBIA,bushel cartons,MINIATURE,PENNSYLVANIA,lge,10/22/16
898,4.0,7.0,4.0,22.0,6.0,0.0,2017,9,150.0,150.57219276157647,0.5721927615764741,COLUMBIA,36 inch bins,HOWDEN TYPE,VIRGINIA,xlge,9/30/17
1319,5.0,5.0,4.0,20.0,3.0,0.0,2017,9,155.0,160.69779887263232,5.697798872632319,DALLAS,24 inch bins,HOWDEN TYPE,TEXAS,med,9/23/17
1259,6.0,0.0,9.0,11.0,3.0,0.0,2016,11,12.0,17.68761935986014,5.68761935986014,DETROIT,1 1/9 bushel cartons,PIE TYPE,MICHIGAN,med,11/5/16
567,3.0,5.0,4.0,6.0,2.0,0.0,2017,9,210.0,200.09744805107863,-9.90255194892137,CHICAGO,24 inch bins,HOWDEN TYPE,ILLINOIS,lge,9/30/17
1560,11.0,8.0,7.0,1.0,5.0,0.0,2016,10,32.5,31.47512285503707,-1.0248771449629288,SAN FRANCISCO,40 lb cartons,MINIATURE,CALIFORNIA,,10/8/16
743,3.0,7.0,9.0,2.0,4.0,0.0,2017,9,207.5,200.89353082300804,-6.606469176991965,CHICAGO,36 inch bins,PIE TYPE,CANADA,med-lge,9/23/17
1672,12.0,7.0,4.0,6.0,3.0,0.0,2016,9,130.0,122.92199001306051,-7.078009986939492,ST. LOUIS,36 inch bins,HOWDEN TYPE,ILLINOIS,med,9/27/16
1630,10.0,0.0,9.0,17.0,3.0,0.0,2017,9,20.0,21.774275682832922,1.774275682832922,PHILADELPHIA,1 1/9 bushel cartons,PIE TYPE,OHIO,med,9/23/17
755,3.0,7.0,8.0,6.0,2.0,0.0,2016,10,175.0,189.99542712468784,14.995427124687836,CHICAGO,36 inch bins,MIXED HEIRLOOM VARIETIES,ILLINOIS,lge,10/22/16
1000,4.0,5.0,6.0,18.0,3.0,0.0,2016,10,125.0,139.62487070202423,14.624870702024225,COLUMBIA,24 inch bins,KNUCKLE HEAD,PENNSYLVANIA,med,10/8/16
978,4.0,13.0,9.0,11.0,4.0,0.0,2016,10,19.0,25.20394895721982,6.2039489572198185,COLUMBIA,bushel cartons,PIE TYPE,MICHIGAN,med-lge,10/1/16
1057,4.0,13.0,7.0,18.0,5.0,2.0,2016,9,28.0,32.125403999338445,4.125403999338445,COLUMBIA,bushel cartons,MINIATURE,PENNSYLVANIA,sml,9/24/16
371,2.0,5.0,3.0,9.0,6.0,2.0,2016,10,272.5,273.3880066166629,0.8880066166628922,BOSTON,24 inch bins,FAIRYTALE,MASSACHUSETTS,xlge,10/22/16
1752,12.0,4.0,7.0,6.0,5.0,2.0,2016,9,14.75,15.27982679660801,0.5298267966080097,ST. LOUIS,22 lb cartons,MINIATURE,ILLINOIS,,9/30/16
422,2.0,5.0,9.0,18.0,3.0,0.0,2016,11,142.5,149.12405011697683,6.624050116976832,BOSTON,24 inch bins,PIE TYPE,PENNSYLVANIA,med,11/12/16
1151,9.0,7.0,4.0,13.0,6.0,0.0,2016,10,145.0,137.05097133641002,-7.949028663589985,NEW YORK,36 inch bins,HOWDEN TYPE,NEW JERSEY,xlge,10/8/16
67,1.0,5.0,3.0,8.0,6.0,0.0,2016,11,200.0,222.6154564241366,22.615456424136596,BALTIMORE,24 inch bins,FAIRYTALE,MARYLAND,xlge,11/19/16
704,3.0,0.0,9.0,11.0,3.0,0.0,2017,9,18.0,14.72799850331338,-3.27200149668662,CHICAGO,1 1/9 bushel cartons,PIE TYPE,MICHIGAN,med,9/9/17
350,2.0,5.0,2.0,9.0,6.0,2.0,2016,10,272.5,271.2137823487389,-1.2862176512610972,BOSTON,24 inch bins,CINDERELLA,MASSACHUSETTS,xlge,10/22/16
124,1.0,2.0,7.0,8.0,5.0,2.0,2016,9,15.0,15.900072932724397,0.900072932724397,BALTIMORE,1/2 bushel cartons,MINIATURE,MARYLAND,sml,9/24/16
495,2.0,5.0,1.0,9.0,6.0,0.0,2016,10,272.5,282.5724106247766,10.07241062477658,BOSTON,24 inch bins,BLUE TYPE,MASSACHUSETTS,xlge,10/22/16
808,3.0,2.0,7.0,11.0,5.0,0.0,2017,9,18.0,14.846602932301098,-3.1533970676989025,CHICAGO,1/2 bushel cartons,MINIATURE,MICHIGAN,sml,9/23/17
1670,12.0,7.0,4.0,6.0,6.0,0.0,2016,9,130.0,128.2931153768518,-1.7068846231481984,ST. LOUIS,36 inch bins,HOWDEN TYPE,ILLINOIS,xlge,9/27/16
297,2.0,7.0,4.0,9.0,2.0,0.0,2016,10,202.5,201.12552496060604,-1.3744750393939569,BOSTON,36 inch bins,HOWDEN TYPE,MASSACHUSETTS,lge,10/22/16
1234,9.0,1.0,7.0,15.0,3.0,0.0,2016,10,18.0,23.74129054766608,5.741290547666079,NEW YORK,1 1/9 bushel crates,MINIATURE,NEW YORK,med,10/8/16
1324,5.0,5.0,4.0,20.0,3.0,0.0,2017,9,142.5,160.69779887263232,18.19779887263232,DALLAS,24 inch bins,HOWDEN TYPE,TEXAS,med,9/30/17
818,4.0,7.0,4.0,18.0,1.0,0.0,2016,9,175.0,181.10937407494123,6.109374074941229,COLUMBIA,36 inch bins,HOWDEN TYPE,PENNSYLVANIA,jbo,9/24/16
706,3.0,0.0,9.0,11.0,3.0,0.0,2017,9,18.0,14.72799850331338,-3.27200149668662,CHICAGO,1 1/9 bushel cartons,PIE TYPE,MICHIGAN,med,9/16/17
1100,7.0,5.0,2.0,1.0,4.0,0.0,2017,8,0.3,9.029566076116934,8.729566076116933,LOS ANGELES,24 inch bins,CINDERELLA,CALIFORNIA,med-lge,8/26/17
963,4.0,5.0,9.0,22.0,3.0,0.0,2016,10,200.0,205.471131982195,5.471131982195004,COLUMBIA,24 inch bins,PIE TYPE,VIRGINIA,med,10/29/16
1068,4.0,13.0,7.0,18.0,5.0,0.0,2016,10,28.0,24.461425480160706,-3.538574519839294,COLUMBIA,bushel cartons,MINIATURE,PENNSYLVANIA,sml,10/22/16
162,0.0,5.0,4.0,11.0,6.0,0.0,2016,10,149.875,158.91945549437784,9.044455494377843,ATLANTA,24 inch bins,HOWDEN TYPE,MICHIGAN,xlge,10/8/16
233,2.0,7.0,4.0,2.0,2.0,0.0,2016,10,170.0,165.528025681948,-4.471974318051991,BOSTON,36 inch bins,HOWDEN TYPE,CANADA,lge,10/1/16
1700,12.0,5.0,9.0,6.0,5.0,0.0,2016,9,175.0,188.9645976246449,13.96459762464491,ST. LOUIS,24 inch bins,PIE TYPE,ILLINOIS,,9/27/16
820,4.0,7.0,4.0,18.0,3.0,0.0,2016,9,150.0,149.0550121009121,-0.9449878990878915,COLUMBIA,36 inch bins,HOWDEN TYPE,PENNSYLVANIA,med,9/24/16
1605,10.0,7.0,4.0,13.0,5.0,0.0,2016,10,120.0,127.01608916090241,7.0160891609024105,PHILADELPHIA,36 inch bins,HOWDEN TYPE,NEW JERSEY,sml,10/8/16
432,2.0,7.0,9.0,9.0,4.0,0.0,2016,10,275.0,248.43419125100564,-26.565808748994357,BOSTON,36 inch bins,PIE TYPE,MASSACHUSETTS,med-lge,10/1/16
1342,5.0,5.0,5.0,20.0,1.0,2.0,2016,10,150.0,148.74181550821092,-1.2581844917890805,DALLAS,24 inch bins,HOWDEN WHITE TYPE,TEXAS,jbo,10/8/16
1387,5.0,7.0,3.0,20.0,1.0,0.0,2016,11,140.0,165.32961919845448,25.32961919845448,DALLAS,36 inch bins,FAIRYTALE,TEXAS,jbo,11/5/16
950,4.0,5.0,9.0,18.0,4.0,0.0,2016,10,185.0,199.8767007564164,14.876700756416398,COLUMBIA,24 inch bins,PIE TYPE,PENNSYLVANIA,med-lge,10/15/16
813,4.0,7.0,4.0,11.0,2.0,0.0,2016,9,150.0,145.53175015228703,-4.468249847712968,COLUMBIA,36 inch bins,HOWDEN TYPE,MICHIGAN,lge,9/24/16
366,2.0,5.0,3.0,9.0,6.0,2.0,2016,10,272.5,273.3880066166629,0.8880066166628922,BOSTON,24 inch bins,FAIRYTALE,MASSACHUSETTS,xlge,10/1/16
900,4.0,7.0,4.0,22.0,5.0,0.0,2017,9,130.0,132.57753671710154,2.5775367171015375,COLUMBIA,36 inch bins,HOWDEN TYPE,VIRGINIA,sml,9/30/17
806,3.0,2.0,7.0,11.0,5.0,0.0,2017,9,19.0,14.846602932301098,-4.1533970676989025,CHICAGO,1/2 bushel cartons,MINIATURE,MICHIGAN,sml,9/9/17
727,3.0,5.0,9.0,6.0,3.0,0.0,2016,10,200.0,198.85853159468837,-1.1414684053116275,CHICAGO,24 inch bins,PIE TYPE,ILLINOIS,med,10/29/16
765,3.0,2.0,7.0,11.0,5.0,0.0,2017,9,18.0,14.846602932301098,-3.1533970676989025,CHICAGO,1/2 bushel cartons,MINIATURE,MICHIGAN,sml,9/23/17
240,2.0,7.0,4.0,9.0,2.0,0.0,2016,10,202.5,201.12552496060604,-1.3744750393939569,BOSTON,36 inch bins,HOWDEN TYPE,MASSACHUSETTS,lge,10/1/16
1699,12.0,5.0,9.0,6.0,5.0,0.0,2016,9,175.0,188.9645976246449,13.96459762464491,ST. LOUIS,24 inch bins,PIE TYPE,ILLINOIS,,9/26/16
1302,5.0,5.0,4.0,20.0,5.0,0.0,2016,10,125.0,127.49932546849566,2.4993254684956554,DALLAS,24 inch bins,HOWDEN TYPE,TEXAS,sml,10/8/16
1288,6.0,5.0,8.0,11.0,3.0,0.0,2016,10,150.0,139.68901489119312,-10.310985108806875,DETROIT,24 inch bins,MIXED HEIRLOOM VARIETIES,MICHIGAN,med,10/15/16
807,3.0,2.0,7.0,11.0,5.0,0.0,2017,9,18.0,14.846602932301098,-3.1533970676989025,CHICAGO,1/2 bushel cartons,MINIATURE,MICHIGAN,sml,9/16/17
582,3.0,7.0,4.0,17.0,6.0,0.0,2016,10,60.0,102.07538934215519,42.07538934215519,CHICAGO,36 inch bins,HOWDEN TYPE,OHIO,xlge,10/29/16
1161,9.0,7.0,4.0,13.0,6.0,0.0,2017,9,145.0,152.1133772509428,7.11337725094279,NEW YORK,36 inch bins,HOWDEN TYPE,NEW JERSEY,xlge,9/16/17
71,1.0,0.0,9.0,4.0,5.0,0.0,2016,9,18.0,19.84474879578886,1.8447487957888598,BALTIMORE,1 1/9 bushel cartons,PIE TYPE,DELAWARE,sml,9/24/16
1603,10.0,7.0,4.0,18.0,3.0,0.0,2016,10,120.0,132.42956105230277,12.429561052302773,PHILADELPHIA,36 inch bins,HOWDEN TYPE,PENNSYLVANIA,med,10/1/16
259,2.0,7.0,4.0,9.0,2.0,0.0,2016,10,202.5,201.12552496060604,-1.3744750393939569,BOSTON,36 inch bins,HOWDEN TYPE,MASSACHUSETTS,lge,10/8/16
51,1.0,10.0,2.0,22.0,2.0,0.0,2017,9,15.0,21.20454975743218,6.204549757432179,BALTIMORE,50 lb sacks,CINDERELLA,VIRGINIA,lge,9/9/17
1592,11.0,8.0,7.0,1.0,5.0,0.0,2016,10,32.5,31.47512285503707,-1.0248771449629288,SAN FRANCISCO,40 lb cartons,MINIATURE,CALIFORNIA,,10/8/16
462,2.0,7.0,9.0,18.0,5.0,0.0,2016,10,200.0,205.96106510255208,5.961065102552084,BOSTON,36 inch bins,PIE TYPE,PENNSYLVANIA,sml,10/29/16
506,2.0,5.0,0.0,9.0,6.0,0.0,2016,10,272.5,258.2137985614782,-14.2862014385218,BOSTON,24 inch bins,BIG MACK TYPE,MASSACHUSETTS,xlge,10/1/16
1189,9.0,5.0,9.0,18.0,4.0,0.0,2016,10,130.0,132.06785270752823,2.067852707528232,NEW YORK,24 inch bins,PIE TYPE,PENNSYLVANIA,med-lge,10/22/16
416,2.0,5.0,9.0,21.0,5.0,0.0,2016,10,175.0,176.9138974294266,1.913897429426612,BOSTON,24 inch bins,PIE TYPE,VERMONT,sml,10/22/16
1682,12.0,7.0,4.0,6.0,6.0,0.0,2016,9,130.0,128.2931153768518,-1.7068846231481984,ST. LOUIS,36 inch bins,HOWDEN TYPE,ILLINOIS,xlge,9/29/16
1055,4.0,5.0,7.0,18.0,5.0,2.0,2017,9,400.0,277.5107300069726,-122.48926999302739,COLUMBIA,24 inch bins,MINIATURE,PENNSYLVANIA,,9/30/17
413,2.0,5.0,9.0,9.0,5.0,0.0,2016,10,162.5,198.38638970202013,35.886389702020125,BOSTON,24 inch bins,PIE TYPE,MASSACHUSETTS,sml,10/22/16
774,3.0,2.0,7.0,11.0,5.0,2.0,2016,10,17.5,17.44097872987764,-0.05902127012236136,CHICAGO,1/2 bushel cartons,MINIATURE,MICHIGAN,sml,10/1/16
548,2.0,2.0,7.0,9.0,5.0,2.0,2016,9,16.5,15.767063030545785,-0.7329369694542152,BOSTON,1/2 bushel cartons,MINIATURE,MASSACHUSETTS,sml,9/24/16
426,2.0,7.0,9.0,9.0,4.0,0.0,2016,9,275.0,252.73850530126762,-22.261494698732378,BOSTON,36 inch bins,PIE TYPE,MASSACHUSETTS,med-lge,9/24/16
1178,9.0,0.0,9.0,17.0,3.0,0.0,2016,10,17.0,21.564482159562818,4.564482159562818,NEW YORK,1 1/9 bushel cartons,PIE TYPE,OHIO,med,10/22/16
464,2.0,7.0,9.0,9.0,4.0,0.0,2016,11,270.0,229.5954652554009,-40.40453474459909,BOSTON,36 inch bins,PIE TYPE,MASSACHUSETTS,med-lge,11/5/16
1236,9.0,2.0,7.0,17.0,5.0,2.0,2017,9,24.0,20.482624028814545,-3.517375971185455,NEW YORK,1/2 bushel cartons,MINIATURE,OHIO,sml,9/9/17
141,1.0,2.0,7.0,8.0,5.0,2.0,2016,10,15.0,15.316273529085894,0.316273529085894,BALTIMORE,1/2 bushel cartons,MINIATURE,MARYLAND,sml,10/29/16
879,4.0,7.0,4.0,18.0,2.0,0.0,2017,9,150.0,147.70824111524703,-2.2917588847529657,COLUMBIA,36 inch bins,HOWDEN TYPE,PENNSYLVANIA,lge,9/16/17
593,3.0,7.0,4.0,11.0,2.0,0.0,2016,11,112.5,117.91469331834104,5.414693318341037,CHICAGO,36 inch bins,HOWDEN TYPE,MICHIGAN,lge,11/26/16
1748,12.0,4.0,7.0,6.0,5.0,0.0,2016,9,14.75,10.594237868399604,-4.155762131600396,ST. LOUIS,22 lb cartons,MINIATURE,ILLINOIS,,9/28/16
1733,12.0,2.0,7.0,6.0,5.0,2.0,2016,9,14.375,15.719136469149056,1.3441364691490563,ST. LOUIS,1/2 bushel cartons,MINIATURE,ILLINOIS,,9/29/16
398,2.0,0.0,9.0,9.0,5.0,0.0,2016,12,15.5,14.95442521084704,-0.5455747891529601,BOSTON,1 1/9 bushel cartons,PIE TYPE,MASSACHUSETTS,sml,12/3/16
1505,11.0,6.0,9.0,1.0,5.0,0.0,2017,9,33.125,37.94259324825141,4.817593248251413,SAN FRANCISCO,35 lb cartons,PIE TYPE,CALIFORNIA,,9/30/17
271,2.0,7.0,4.0,2.0,2.0,0.0,2016,10,170.0,165.528025681948,-4.471974318051991,BOSTON,36 inch bins,HOWDEN TYPE,CANADA,lge,10/15/16
184,0.0,5.0,4.0,11.0,5.0,0.0,2016,11,150.0,135.09138999838217,-14.90861000161783,ATLANTA,24 inch bins,HOWDEN TYPE,MICHIGAN,sml,11/5/16
744,3.0,7.0,9.0,6.0,4.0,0.0,2017,9,207.5,202.9521488783498,-4.547851121650211,CHICAGO,36 inch bins,PIE TYPE,ILLINOIS,med-lge,9/23/17
244,2.0,7.0,4.0,11.0,1.0,0.0,2016,10,175.0,178.7615162641718,3.761516264171803,BOSTON,36 inch bins,HOWDEN TYPE,MICHIGAN,jbo,10/1/16
420,2.0,5.0,9.0,18.0,5.0,0.0,2016,10,175.0,165.88441156295946,-9.115588437040543,BOSTON,24 inch bins,PIE TYPE,PENNSYLVANIA,sml,10/29/16
1325,5.0,7.0,4.0,20.0,1.0,0.0,2016,9,170.0,163.70936881881812,-6.29063118118188,DALLAS,36 inch bins,HOWDEN TYPE,TEXAS,jbo,9/24/16
425,2.0,7.0,9.0,2.0,5.0,0.0,2016,9,195.0,209.00176825012826,14.001768250128265,BOSTON,36 inch bins,PIE TYPE,CANADA,sml,9/24/16
1498,11.0,6.0,9.0,1.0,5.0,0.0,2016,12,24.0,35.80113805380186,11.801138053801857,SAN FRANCISCO,35 lb cartons,PIE TYPE,CALIFORNIA,,12/10/16
873,4.0,7.0,4.0,18.0,6.0,0.0,2016,10,150.0,141.46233878000692,-8.537661219993083,COLUMBIA,36 inch bins,HOWDEN TYPE,PENNSYLVANIA,xlge,10/29/16
962,4.0,5.0,9.0,18.0,5.0,0.0,2016,10,250.0,221.45241433889396,-28.54758566110604,COLUMBIA,24 inch bins,PIE TYPE,PENNSYLVANIA,sml,10/29/16
1406,5.0,7.0,9.0,20.0,3.0,0.0,2016,11,250.0,258.9834442882247,8.983444288224689,DALLAS,36 inch bins,PIE TYPE,TEXAS,med,11/5/16
1272,6.0,5.0,9.0,11.0,5.0,0.0,2016,10,150.0,152.35691366994976,2.356913669949762,DETROIT,24 inch bins,PIE TYPE,MICHIGAN,sml,10/15/16
250,2.0,7.0,4.0,2.0,6.0,0.0,2016,10,180.0,173.60062689632855,-6.399373103671451,BOSTON,36 inch bins,HOWDEN TYPE,CANADA,xlge,10/8/16
555,2.0,2.0,7.0,9.0,5.0,2.0,2016,10,16.5,16.070709670975294,-0.4292903290247061,BOSTON,1/2 bushel cartons,MINIATURE,MASSACHUSETTS,sml,10/15/16
1465,11.0,7.0,4.0,1.0,3.0,0.0,2017,9,127.5,146.3032919541686,18.8032919541686,SAN FRANCISCO,36 inch bins,HOWDEN TYPE,CALIFORNIA,med,9/30/17
1546,11.0,2.0,7.0,1.0,5.0,0.0,2016,10,20.0,20.65410473630579,0.6541047363057899,SAN FRANCISCO,1/2 bushel cartons,MINIATURE,CALIFORNIA,,10/29/16
1431,11.0,5.0,4.0,1.0,5.0,0.0,2016,9,155.0,142.5544194954654,-12.445580504534604,SAN FRANCISCO,24 inch bins,HOWDEN TYPE,CALIFORNIA,,9/24/16
342,2.0,5.0,2.0,9.0,6.0,0.0,2016,9,272.5,282.3734466087807,9.873446608780682,BOSTON,24 inch bins,CINDERELLA,MASSACHUSETTS,xlge,9/24/16
836,4.0,7.0,4.0,16.0,2.0,0.0,2016,10,145.0,140.74640214263863,-4.25359785736137,COLUMBIA,36 inch bins,HOWDEN TYPE,NORTH CAROLINA,lge,10/8/16
1216,9.0,7.0,6.0,18.0,6.0,0.0,2016,10,130.0,157.05802790433748,27.05802790433748,NEW YORK,36 inch bins,KNUCKLE HEAD,PENNSYLVANIA,xlge,10/8/16
674,3.0,0.0,9.0,11.0,3.0,0.0,2016,10,17.5,18.397396607390043,0.8973966073900428,CHICAGO,1 1/9 bushel cartons,PIE TYPE,MICHIGAN,med,10/8/16
669,3.0,0.0,9.0,17.0,3.0,0.0,2016,9,17.5,21.389563781084647,3.8895637810846466,CHICAGO,1 1/9 bushel cartons,PIE TYPE,OHIO,med,9/24/16
1637,10.0,5.0,9.0,4.0,3.0,0.0,2017,9,180.0,142.23263645521916,-37.767363544780835,PHILADELPHIA,24 inch bins,PIE TYPE,DELAWARE,med,9/23/17
1084,7.0,5.0,4.0,1.0,3.0,0.0,2016,10,107.5,119.50056476910893,12.000564769108934,LOS ANGELES,24 inch bins,HOWDEN TYPE,CALIFORNIA,med,10/29/16
170,0.0,5.0,4.0,0.0,3.0,0.0,2016,10,142.5,152.83462009242427,10.334620092424274,ATLANTA,24 inch bins,HOWDEN TYPE,ALABAMA,med,10/22/16
799,3.0,2.0,7.0,11.0,5.0,2.0,2016,11,17.0,17.596655537207184,0.5966555372071838,CHICAGO,1/2 bushel cartons,MINIATURE,MICHIGAN,sml,11/12/16
1220,9.0,2.0,7.0,17.0,5.0,0.0,2016,9,16.5,20.09883605236906,3.598836052369059,NEW YORK,1/2 bushel cartons,MINIATURE,OHIO,sml,9/24/16
408,2.0,5.0,9.0,2.0,5.0,0.0,2016,10,177.5,169.69487091169717,-7.805129088302834,BOSTON,24 inch bins,PIE TYPE,CANADA,sml,10/15/16
300,2.0,7.0,4.0,9.0,5.0,0.0,2016,10,200.0,200.33954840081884,0.33954840081884186,BOSTON,36 inch bins,HOWDEN TYPE,MASSACHUSETTS,sml,10/22/16
1644,10.0,2.0,7.0,17.0,5.0,0.0,2016,10,17.5,9.663545287631404,-7.836454712368596,PHILADELPHIA,1/2 bushel cartons,MINIATURE,OHIO,,10/1/16
1214,9.0,13.0,9.0,17.0,5.0,0.0,2017,9,19.0,21.08900341470778,2.089003414707779,NEW YORK,bushel cartons,PIE TYPE,OHIO,,9/23/17
405,2.0,5.0,9.0,2.0,5.0,0.0,2016,10,177.5,169.69487091169717,-7.805129088302834,BOSTON,24 inch bins,PIE TYPE,CANADA,sml,10/8/16
764,3.0,2.0,7.0,7.0,5.0,0.0,2017,9,19.0,18.479163518569827,-0.5208364814301731,CHICAGO,1/2 bushel cartons,MINIATURE,INDIANA,sml,9/23/17
485,2.0,7.0,9.0,18.0,4.0,0.0,2017,9,285.0,248.05956960965474,-36.940430390345256,BOSTON,36 inch bins,PIE TYPE,PENNSYLVANIA,med-lge,9/23/17
862,4.0,7.0,4.0,18.0,6.0,0.0,2016,10,150.0,141.46233878000692,-8.537661219993083,COLUMBIA,36 inch bins,HOWDEN TYPE,PENNSYLVANIA,xlge,10/22/16
1197,9.0,5.0,9.0,13.0,2.0,0.0,2017,9,130.0,134.1738749150644,4.173874915064403,NEW YORK,24 inch bins,PIE TYPE,NEW JERSEY,lge,9/23/17
802,3.0,2.0,7.0,11.0,5.0,2.0,2016,11,17.0,17.596655537207184,0.5966555372071838,CHICAGO,1/2 bushel cartons,MINIATURE,MICHIGAN,sml,11/19/16
518,2.0,7.0,0.0,18.0,1.0,0.0,2017,9,212.5,189.0779202207668,-23.4220797792332,BOSTON,36 inch bins,BIG MACK TYPE,PENNSYLVANIA,jbo,9/16/17
792,3.0,2.0,7.0,17.0,5.0,0.0,2016,10,17.0,14.924435773093103,-2.075564226906897,CHICAGO,1/2 bushel cartons,MINIATURE,OHIO,sml,10/29/16
1386,5.0,7.0,3.0,20.0,1.0,0.0,2016,10,140.0,180.3379801543045,40.33798015430449,DALLAS,36 inch bins,FAIRYTALE,TEXAS,jbo,10/29/16
543,2.0,2.0,7.0,9.0,5.0,0.0,2016,10,16.5,16.64640650167689,0.14640650167688918,BOSTON,1/2 bushel cartons,MINIATURE,MASSACHUSETTS,sml,10/22/16
175,0.0,5.0,4.0,0.0,3.0,0.0,2016,10,142.5,152.83462009242427,10.334620092424274,ATLANTA,24 inch bins,HOWDEN TYPE,ALABAMA,med,10/29/16
756,3.0,7.0,8.0,6.0,2.0,0.0,2016,10,175.0,189.99542712468784,14.995427124687836,CHICAGO,36 inch bins,MIXED HEIRLOOM VARIETIES,ILLINOIS,lge,10/29/16
937,4.0,5.0,9.0,16.0,3.0,0.0,2016,9,250.0,223.12030357798724,-26.879696422012756,COLUMBIA,24 inch bins,PIE TYPE,NORTH CAROLINA,med,9/24/16
450,2.0,7.0,9.0,2.0,5.0,0.0,2016,10,195.0,196.14709230950973,1.1470923095097305,BOSTON,36 inch bins,PIE TYPE,CANADA,sml,10/22/16
988,4.0,5.0,1.0,16.0,3.0,0.0,2016,10,200.0,192.83978421991853,-7.160215780081472,COLUMBIA,24 inch bins,BLUE TYPE,NORTH CAROLINA,med,10/8/16
798,3.0,2.0,7.0,11.0,5.0,0.0,2016,11,17.0,17.705856178128293,0.7058561781282933,CHICAGO,1/2 bushel cartons,MINIATURE,MICHIGAN,sml,11/12/16
613,3.0,7.0,3.0,6.0,3.0,0.0,2016,9,200.0,203.4957421248086,3.4957421248086007,CHICAGO,36 inch bins,FAIRYTALE,ILLINOIS,med,9/24/16
1273,6.0,5.0,9.0,11.0,2.0,0.0,2016,10,117.5,124.15733914859007,6.657339148590069,DETROIT,24 inch bins,PIE TYPE,MICHIGAN,lge,10/22/16
741,3.0,7.0,9.0,6.0,4.0,0.0,2017,9,207.5,202.9521488783498,-4.547851121650211,CHICAGO,36 inch bins,PIE TYPE,ILLINOIS,med-lge,9/16/17
198,0.0,5.0,9.0,16.0,5.0,0.0,2016,11,129.25,135.97858258626928,6.728582586269283,ATLANTA,24 inch bins,PIE TYPE,NORTH CAROLINA,sml,11/5/16
15,1.0,7.0,4.0,8.0,3.0,0.0,2016,10,150.0,146.23076300192668,-3.7692369980733247,BALTIMORE,36 inch bins,HOWDEN TYPE,MARYLAND,med,10/22/16
265,2.0,7.0,4.0,18.0,6.0,0.0,2016,10,150.0,142.03864703281397,-7.961352967186031,BOSTON,36 inch bins,HOWDEN TYPE,PENNSYLVANIA,xlge,10/8/16
931,4.0,5.0,3.0,18.0,2.0,0.0,2016,10,175.0,180.13194913528372,5.131949135283719,COLUMBIA,24 inch bins,FAIRYTALE,PENNSYLVANIA,lge,10/15/16
707,3.0,0.0,9.0,6.0,3.0,0.0,2017,9,19.0,19.28767887954005,0.28767887954004934,CHICAGO,1 1/9 bushel cartons,PIE TYPE,ILLINOIS,med,9/23/17
786,3.0,2.0,7.0,11.0,5.0,2.0,2016,10,17.0,17.44097872987764,0.44097872987763864,CHICAGO,1/2 bushel cartons,MINIATURE,MICHIGAN,sml,10/22/16
494,2.0,5.0,1.0,9.0,6.0,0.0,2016,10,272.5,282.5724106247766,10.07241062477658,BOSTON,24 inch bins,BLUE TYPE,MASSACHUSETTS,xlge,10/15/16
1050,4.0,2.0,7.0,18.0,5.0,2.0,2017,9,15.0,21.47812748615868,6.47812748615868,COLUMBIA,1/2 bushel cartons,MINIATURE,PENNSYLVANIA,,9/30/17
1541,11.0,2.0,7.0,1.0,5.0,2.0,2016,10,21.0,18.42496559483845,-2.5750344051615492,SAN FRANCISCO,1/2 bushel cartons,MINIATURE,CALIFORNIA,,10/15/16
1651,10.0,2.0,7.0,17.0,5.0,0.0,2017,9,16.0,13.612240485224435,-2.3877595147755653,PHILADELPHIA,1/2 bushel cartons,MINIATURE,OHIO,,9/16/17
381,2.0,1.0,9.0,9.0,5.0,0.0,2016,10,15.5,14.798748403517495,-0.7012515964825052,BOSTON,1 1/9 bushel crates,PIE TYPE,MASSACHUSETTS,sml,10/22/16
